<?xml version="1.0" encoding="utf-8"?>
<transfer xmlns:xsi="http://www.w3.org/2001/XMLSchema-instance"  xsi:noNamespaceSchemaLocation="its.gov.tr/packageTransfer.xsd">
  <sourceGLN>8680001084531</sourceGLN>
  <destinationGLN>8680001084524</destinationGLN>
  <actionType>S</actionType>
  <shipTo>8680001084524</shipTo>
  <documentNumber>MDG2025000000062</documentNumber>
  <documentDate>2025-09-29</documentDate>
  <version>1.4</version>
  <carrier carrierLabel="00186996120002675712" containerType="C">
    <productList GTIN="08699612870013" lotNumber="0923031" expirationDate="2028-08-30">
      <serialNumber>18819128</serialNumber>
      <serialNumber>18819136</serialNumber>
      <serialNumber>18819143</serialNumber>
      <serialNumber>18819150</serialNumber>
      <serialNumber>18819156</serialNumber>
      <serialNumber>18819164</serialNumber>
      <serialNumber>18819172</serialNumber>
      <serialNumber>18819180</serialNumber>
      <serialNumber>18819188</serialNumber>
      <serialNumber>18819193</serialNumber>
      <serialNumber>18819198</serialNumber>
      <serialNumber>18819203</serialNumber>
      <serialNumber>18819208</serialNumber>
      <serialNumber>18819214</serialNumber>
      <serialNumber>18819222</serialNumber>
      <serialNumber>18819228</serialNumber>
      <serialNumber>18819234</serialNumber>
      <serialNumber>18819239</serialNumber>
      <serialNumber>18819246</serialNumber>
      <serialNumber>18819252</serialNumber>
      <serialNumber>18819260</serialNumber>
      <serialNumber>18819268</serialNumber>
      <serialNumber>18819274</serialNumber>
      <serialNumber>18819281</serialNumber>
      <serialNumber>18819286</serialNumber>
      <serialNumber>18819291</serialNumber>
      <serialNumber>18819298</serialNumber>
      <serialNumber>18819304</serialNumber>
      <serialNumber>18819312</serialNumber>
      <serialNumber>18819320</serialNumber>
      <serialNumber>18819325</serialNumber>
      <serialNumber>18819332</serialNumber>
      <serialNumber>18819337</serialNumber>
      <serialNumber>18819342</serialNumber>
      <serialNumber>18819348</serialNumber>
      <serialNumber>18819356</serialNumber>
      <serialNumber>18819363</serialNumber>
      <serialNumber>18819368</serialNumber>
      <serialNumber>18819375</serialNumber>
      <serialNumber>18819383</serialNumber>
      <serialNumber>18819391</serialNumber>
      <serialNumber>18819397</serialNumber>
      <serialNumber>18819402</serialNumber>
      <serialNumber>18819407</serialNumber>
      <serialNumber>18819413</serialNumber>
      <serialNumber>18819420</serialNumber>
      <serialNumber>18819428</serialNumber>
      <serialNumber>18819434</serialNumber>
      <serialNumber>18819441</serialNumber>
      <serialNumber>18819449</serialNumber>
    </productList>
  </carrier>
  <carrier carrierLabel="00186996120002675101" containerType="C">
    <productList GTIN="08699612870013" lotNumber="0923031" expirationDate="2028-08-30">
      <serialNumber>18798531</serialNumber>
      <serialNumber>18798544</serialNumber>
      <serialNumber>18798555</serialNumber>
      <serialNumber>18798580</serialNumber>
      <serialNumber>18798586</serialNumber>
      <serialNumber>18798594</serialNumber>
      <serialNumber>18798610</serialNumber>
      <serialNumber>18798624</serialNumber>
      <serialNumber>18798638</serialNumber>
      <serialNumber>18798654</serialNumber>
      <serialNumber>18798666</serialNumber>
      <serialNumber>18798684</serialNumber>
      <serialNumber>18798700</serialNumber>
      <serialNumber>18798713</serialNumber>
      <serialNumber>18798727</serialNumber>
      <serialNumber>18798740</serialNumber>
      <serialNumber>18798751</serialNumber>
      <serialNumber>18798757</serialNumber>
      <serialNumber>18798764</serialNumber>
      <serialNumber>18798769</serialNumber>
      <serialNumber>18798777</serialNumber>
      <serialNumber>18798782</serialNumber>
      <serialNumber>18798788</serialNumber>
      <serialNumber>18798796</serialNumber>
      <serialNumber>18798801</serialNumber>
      <serialNumber>18798807</serialNumber>
      <serialNumber>18798812</serialNumber>
      <serialNumber>18798819</serialNumber>
      <serialNumber>18798827</serialNumber>
      <serialNumber>18798832</serialNumber>
      <serialNumber>18798838</serialNumber>
      <serialNumber>18798843</serialNumber>
      <serialNumber>18798851</serialNumber>
      <serialNumber>18798856</serialNumber>
      <serialNumber>18798862</serialNumber>
      <serialNumber>18798867</serialNumber>
      <serialNumber>18798872</serialNumber>
      <serialNumber>18798877</serialNumber>
      <serialNumber>18798884</serialNumber>
      <serialNumber>18798899</serialNumber>
      <serialNumber>18798914</serialNumber>
      <serialNumber>18798927</serialNumber>
      <serialNumber>18798943</serialNumber>
      <serialNumber>18798956</serialNumber>
      <serialNumber>18798966</serialNumber>
      <serialNumber>18798979</serialNumber>
      <serialNumber>18798993</serialNumber>
      <serialNumber>18799007</serialNumber>
      <serialNumber>18799020</serialNumber>
      <serialNumber>18799034</serialNumber>
    </productList>
  </carrier>
</transfer>