<transfer><sourceGLN>8699508000012</sourceGLN><destinationGLN>8680001084524</destinationGLN><actionType>S</actionType><shipTo>8680001084524</shipTo><documentNumber>12380473</documentNumber><documentDate>2025-12-17</documentDate><note>617       </note><carrier carrierLabel="00786995081024740198" containerType="C"><productList GTIN="08699832090659" lotNumber="2510043" productionDate="2025-11-05" expirationDate="2029-09-30" PONumber=""><serialNumber>81000006427100</serialNumber><serialNumber>81000006427103</serialNumber><serialNumber>81000006427104</serialNumber><serialNumber>81000006427107</serialNumber><serialNumber>81000006427110</serialNumber><serialNumber>81000006427113</serialNumber><serialNumber>81000006427114</serialNumber><serialNumber>81000006427117</serialNumber><serialNumber>81000006427119</serialNumber><serialNumber>81000006427120</serialNumber><serialNumber>81000006427123</serialNumber><serialNumber>81000006427124</serialNumber><serialNumber>81000006427126</serialNumber><serialNumber>81000006427128</serialNumber><serialNumber>81000006427129</serialNumber><serialNumber>81000006427131</serialNumber><serialNumber>81000006427133</serialNumber><serialNumber>81000006427135</serialNumber><serialNumber>81000006427138</serialNumber><serialNumber>81000006427140</serialNumber><serialNumber>81000006427141</serialNumber><serialNumber>81000006427144</serialNumber><serialNumber>81000006427145</serialNumber><serialNumber>81000006427147</serialNumber><serialNumber>81000006427148</serialNumber><serialNumber>81000006427149</serialNumber><serialNumber>81000006427152</serialNumber><serialNumber>81000006427153</serialNumber><serialNumber>81000006427156</serialNumber><serialNumber>81000006427159</serialNumber><serialNumber>81000006427160</serialNumber><serialNumber>81000006427162</serialNumber><serialNumber>81000006427165</serialNumber><serialNumber>81000006427166</serialNumber><serialNumber>81000006427169</serialNumber><serialNumber>81000006427172</serialNumber><serialNumber>81000006427173</serialNumber><serialNumber>81000006427174</serialNumber><serialNumber>81000006427175</serialNumber><serialNumber>81000006427177</serialNumber></productList><productList GTIN="08699832090635" lotNumber="2510021" productionDate="2025-10-24" expirationDate="2029-09-30" PONumber=""><serialNumber>81000007037012</serialNumber><serialNumber>81000007037014</serialNumber><serialNumber>81000007037016</serialNumber><serialNumber>81000007037018</serialNumber><serialNumber>81000007037021</serialNumber><serialNumber>81000007037023</serialNumber><serialNumber>81000007037026</serialNumber><serialNumber>81000007037028</serialNumber><serialNumber>81000007037030</serialNumber><serialNumber>81000007037032</serialNumber><serialNumber>81000007037035</serialNumber><serialNumber>81000007037037</serialNumber><serialNumber>81000007037040</serialNumber><serialNumber>81000007037042</serialNumber><serialNumber>81000007037045</serialNumber><serialNumber>81000007037047</serialNumber><serialNumber>81000007037049</serialNumber><serialNumber>81000007037050</serialNumber><serialNumber>81000007037051</serialNumber><serialNumber>81000007037053</serialNumber></productList></carrier></transfer>